left_target_attribute,right_target_attribute,left_instance_attribute,right_instance_attribute,left_instance_value,right_instance_value,label
auto_focus_mode,auto_focus_mode,www.pricedekho.com//1277//auto focus,www.mypriceindia.com//193//auto focus,yes,"yes, contrast detect, phase detect, multi-area, center, selective single point, tracking, single, continuous, face detection, live view",1
auto_focus_mode,auto_focus_mode,www.pricedekho.com//1193//auto focus,www.shopmania.in//1291//autofocus,yes,"contrast detect
/ live view
/ single",1
auto_focus_mode,auto_focus_mode,www.mypriceindia.com//149//auto focus,www.shopmania.in//1383//autofocus,"yes, contrast detect af","center
/ contrast detect
/ face detection
/ selective single-point
/ tracking",1
auto_focus_points,auto_focus_points,www.shopmania.in//1555//number of focus points,www.cambuy.com.au//29//af point selection,49,"size (normal, small)",1
battery_type,battery_type,www.eglobalcentral.co.uk//52//battery,www.buzzillions.com//2315//compatible battery,en-el14a lithium-ion battery and charger,en-el14,1
battery_chemistry,battery_chemistry,www.shopmania.in//1167//battery,www.price-hunt.com//891//battery type,li-ion,lithium battery,1
camera_width,camera_width,www.canon-europe.com//92//dimensions wxhxd,www.walmart.com//730//product in inches l x w x h,100.2 x 59.0 x 29.0 mm,4.83 x 3.31 x 3.86,1
camera_width,camera_width,www.walmart.com//685//product in inches l x w x h,www.cambuy.com.au//26//dimensions w x h x d,6.0 x 4.0 x 3.0,approx. 107.6 x 66.1 x 40.4 mm (4.3 x 2.7 x 1.6 in.) (excluding projections),1
camera_width,camera_width,www.cambuy.com.au//73//dimensions w x h x d,www.shopmania.in//1583//width,approx. 96.8 x 57.5 x 22.9 mm (3.9 x 2.3 x 1.0 in.) (excluding projections),111 mm,1
camera_width,camera_width,www.pricedekho.com//1230//dimensions,www.buzzillions.com//2723//width inches,5.2 x 4.06 x 3.03 inches,3.72,1
camera_width,camera_width,www.price-hunt.com//9645//dimensions,www.shopmania.in//1009//width,") x 40.4 (d) mm, 107.6 (w) x 66.1 (h",127 mm,1
camera_width,camera_width,www.price-hunt.com//737//dimensions,buy.net//6511//width,126.9 (w) x 94.4 (h) x 48.2 (d) mm,5.1 in,1
camera_width,camera_width,www.walmart.com//739//product in inches l x w x h,buy.net//5439//width,4.92 x 3.35 x 4.19,6 in,1
camera_type,camera_type,www.pcconnection.com//4455//camera type,www.buzzillions.com//2206//camera style,mirrorless system,point & shoot with zoom lens,1
camera_type,camera_type,buy.net//6408//camera type,www.gosale.com//930//camera type,mirrorless interchangeable lens camera,slr,1
camera_type,camera_type,buy.net//5413//camera type,www.gosale.com//917//camera type,compact camera,point-and-shoot,1
color,color,www.ukdigitalcameras.co.uk//292//colour,www.ilgs.net//142//colour of product,black,red red,1
color,color,cammarkt.com//344//color,www.pcconnection.com//12396//color,none,black,1
exposure_compensation,exposure_compensation,www.camerafarm.com.au//828//exposure compensation,www.cambuy.com.au//118//exposure compensation,3 ev in increments of 1/3ev,"+/- 2.0 ev, 1/3 ev step",1
exposure_mode,exposure_mode,www.camerafarm.com.au//819//exposure modes,www.wexphotographic.com//571//exposure modes,programmed auto with flexible program (p) shutter-priority auto (s) aperture-priority auto (a) aperture-priority (a) manual (m) scene auto selector,"programmed ae, shutter priority ae, aperture priority ae, manual exposure, 14 scene modes",1
external_memory_type,external_memory_type,www.shopmania.in//872//memory type,www.wexphotographic.com//158//card format,sd / sdhc / sdxc,"sd, sdhc, sdxc",1
external_memory_type,external_memory_type,buy.net//6117//memory card support,www.eglobalcentral.co.uk//89//storage type,secure digital high capacity (sdhc) card|secure digital extended capacity (sdxc)|secure digital (sd) card|memory stick pro-hg duo|memory stick pro duo,"sd/ sdhc/sdxc, memory stick pro duo/ pro-hg duo",1
external_memory_type,external_memory_type,www.shopmania.in//1442//memory type,www.buzzillions.com//2301//storage media type,sd / sdhc / sdxc,sd - sdhc,1
external_memory_type,external_memory_type,www.garricks.com.au//91//memory type,www.buzzillions.com//1035//card slot,sdhc-sdxc,secure digital sdhc sdxc,1
external_memory_type,external_memory_type,www.eglobalcentral.co.uk//102//storage type,www.buzzillions.com//2078//storage media type,"sd, sdhc, sdxc (uhs speed class 1 compatible)",secure digital (sd),1
external_memory_type,external_memory_type,buy.net//4309//memory card support,www.wexphotographic.com//147//card format,secure digital high capacity (sdhc) card|secure digital extended capacity (sdxc),"sd, sdhc, sdxc",1
focal_length_min,focal_length_min,www.shopmania.in//950//focal length,www.cambuy.com.au//105//focal length,18 - 55 mm,6.0-42.8 mm (angle of view equivalent to that of 28-200 mm lens in 35mm [135] format),1
focal_length_min,focal_length_min,www.mypriceindia.com//56//focal length,www.mypriceindia.com//711//focal length,4.3 - 180 mm (35 mm equivalent 24 - 1000 mm),5 - 80 mm (35 mm equivalent to 28 - 448 mm),1
focal_length_min,focal_length_min,www.price-hunt.com//749//focal length,www.shopmania.in//1291//focal length,"4.5 - 135 mm (35 mm (135) equivalent 25 - 750 mm, )",6.3 - 18.9 mm,1
focal_length_min,focal_length_min,buy.net//6370//focal length,www.flipkart.com//2269//focal length,4.40 mm to 277 mm,4.6 - 23.0 mm (35 mm (135) equivalent 26 - 130 mm),1
focal_length_min,focal_length_min,www.walmart.com//776//focal length equivalent to 35mm camera,www.flipkart.com//2270//focal length,27 - 82.5mm,4.6 - 23.0 mm (35 mm (135) equivalent 26 - 130 mm),1
focal_length_min,focal_length_min,www.wexphotographic.com//619//focal length wide,www.pricedekho.com//1255//focal length,25,6 - 42.8 mm (35 mm equivalent to 28 - 200 mm),1
image_format,image_format,www.priceme.co.nz//2265//still image format,www.shopmania.in//1458//image format,"jpeg, nef (raw), raw",jpeg / raw,1
image_format,image_format,www.shopmania.in//1338//image format,www.shopmania.in//858//image format,dpof / jpeg / raw,dcf / dpof / jpeg,1
image_format,image_format,www.pricedekho.com//1220//image format,www.mypriceindia.com//786//image format,jpeg (raw),"jpeg (dcf, exif, mpf baseline) compliant, dpof compatible",1
image_format,image_format,www.mypriceindia.com//213//image format,www.mypriceindia.com//694//image format,"nef (12 or 14-bit lossless compressed or compressed raw) jpeg (baseline-compliant), jpeg ( fine, normal & basic quality )",jpeg(dcf/exif2.3),1
image_format,image_format,www.priceme.co.nz//2369//still image format,www.ilgs.net//23//image formats supported,"jpeg, nef (raw), raw","jpg, raw",1
image_format,image_format,www.priceme.co.nz//1885//still image format,www.priceme.co.nz//2342//still image format,"jpeg, nef (raw), raw","jpeg, nef (raw), raw",1
image_resolution,image_resolution,www.ebay.com//44383//megapixels,www.ebay.com//56678//megapixels,16.0 mp,24.2 mp,1
image_resolution,image_resolution,buy.net//5403//total pixels,www.gosale.com//462//megapixels,16760000 pixels,12.1 mp,1
image_resolution,image_resolution,www.priceme.co.nz//2369//max image resolution,www.ebay.com//60471//megapixels,6016x4016,12.1 mp,1
image_resolution,image_resolution,www.priceme.co.nz//30//max image resolution,www.ebay.com//60149//megapixels,4608x3456,14.2 mp,1
image_resolution,image_resolution,www.ebay.com//53633//megapixels,www.buzzillions.com//2206//effective megapixel count,10.0 mp,12.0,1
image_resolution,image_resolution,www.ebay.com//24274//megapixels,www.ebay.com//45198//megapixels,12.1 mp,36.3 mp,1
image_resolution,image_resolution,www.ebay.com//55741//megapixels,www.eglobalcentral.co.uk//681//max resolution,22.3 mp,5184 x 3456,1
image_resolution,image_resolution,www.ebay.com//48113//megapixels,www.eglobalcentral.co.uk//551//max resolution,14.0 mp,5184 x 3456,1
image_resolution,image_resolution,www.ebay.com//57968//megapixels,www.ebay.com//46168//megapixels,22.3 mp,24.3 mp,1
image_resolution,image_resolution,www.ebay.com//60432//megapixels,www.ebay.com//45593//megapixels,24.2 mp,18.0 mp,1
image_resolution,image_resolution,www.priceme.co.nz//67//max image resolution,www.shopmania.in//1013//image resolutions,6000x4000,1280x720 / 1920x1080 / 1936x1296 / 2896x1944 / 3840x2160 / 3872x2592,1
image_resolution,image_resolution,www.mypriceindia.com//19//camera resolution,www.ebay.com//60867//megapixels,25 mp,24.3 mp,1
image_resolution,image_resolution,www.ebay.com//24695//megapixels,www.pcconnection.com//12393//megapixels,18.0 mp,16 megapixel(s),1
image_resolution,image_resolution,www.ebay.com//60565//megapixels,www.ilgs.net//23//megapixel,16.0 mp,16.2 mp,1
image_resolution,image_resolution,www.ebay.com//60528//megapixels,www.ukdigitalcameras.co.uk//225//camera resolution,24.2 mp,16 megapixels,1
image_resolution,image_resolution,www.ebay.com//47985//megapixels,www.ebay.com//48466//megapixels,24.3 mp,22.3 mp,1
image_resolution,image_resolution,www.ebay.com//57698//megapixels,www.shopmania.in//1019//resolution,18.2 mp,12 mp (more than 51%),1
image_resolution,image_resolution,www.ebay.com//52786//megapixels,www.buzzillions.com//1035//effective megapixel count,36.3 mp,12.1,1
image_resolution,image_resolution,www.ebay.com//43031//megapixels,www.ebay.com//48466//megapixels,18.0 mp,22.3 mp,1
image_resolution,image_resolution,buy.net//6370//effective megapixels,www.ebay.com//58809//megapixels,20.1 megapixel,7.1 mp,1
image_resolution,image_resolution,www.ebay.com//55902//megapixels,www.ebay.com//56608//megapixels,22.3 mp,10.2 mp,1
image_resolution,image_resolution,www.ebay.com//43720//megapixels,www.ebay.com//59563//megapixels,24.2 mp,24.3 mp,1
image_resolution,image_resolution,www.eglobalcentral.co.uk//544//effective pixels,www.henrys.com//1//effective pixels,24 megapixels,16.4mp,1
image_resolution,image_resolution,buy.net//5891//total pixels,www.ebay.com//59563//megapixels,18.9 megapixel,24.3 mp,1
image_resolution,image_resolution,www.ebay.com//59519//megapixels,www.ebay.com//47729//megapixels,12.9 mp,24.2 mp,1
image_resolution,image_resolution,cammarkt.com//351//resolution,www.priceme.co.nz//2249//max image resolution,"16.5 megapixel
there are several different types of digital cameras. compact and ultra-compact are light, pocket-sized cameras that are easy to carry, usually with a built-in lens. standard point-and-shoot cameras are of medium size, usually come with a built-in lens, and have basic features that are useful for the casual photographer. slr/professional cameras are usually larger, but offer more advanced features and detachable lenses for the photography enthusiast or professional.",6000x4000,1
image_resolution,image_resolution,www.ebay.com//58330//megapixels,www.ebay.com//47384//megapixels,16.0 mp,12.2 mp,1
image_resolution,image_resolution,www.ebay.com//47095//megapixels,www.shopmania.in//1220//resolution,36.3 mp,12.3 mp (more than 65%),1
image_resolution,image_resolution,www.mypriceindia.com//775//camera resolution,www.ebay.com//54391//megapixels,20.1 mp,10.2 mp,1
image_resolution,image_resolution,www.ebay.com//53319//megapixels,www.ebay.com//46098//megapixels,7.1 mp,14.2 mp,1
image_resolution,image_resolution,www.ebay.com//54083//megapixels,www.wexphotographic.com//611//megapixels,14.2mp,18.0,1
image_resolution,image_resolution,www.ebay.com//60585//megapixels,www.ebay.com//55492//megapixels,12.3 mp,22.3 mp,1
image_resolution,image_resolution,www.ebay.com//59730//megapixels,www.ebay.com//54339//megapixels,22.3 mp,8.0 mp,1
image_resolution,image_resolution,www.priceme.co.nz//1927//max image resolution,www.ebay.com//60280//megapixels,6000x4000,5.0 mp,1
image_resolution,image_resolution,www.ebay.com//45253//megapixels,www.buzzillions.com//2576//megapixels,16.2 mp,16,1
image_resolution,image_resolution,www.camerafarm.com.au//802//total pixels,www.shopbot.com.au//1513//sensor resolution,12 million,"22,3 mpx",1
image_resolution,image_resolution,www.ebay.com//56531//megapixels,www.ebay.com//53085//megapixels,12.1 mp,16.0mp,1
image_resolution,image_resolution,www.ebay.com//24984//megapixels,www.ebay.com//43260//megapixels,14.3 mp,12mp,1
image_resolution,image_resolution,www.eglobalcentral.co.uk//34//total pixels,www.mypriceindia.com//714//max resolution,13 megapixels,6016 x 4000 pixels,1
image_resolution,image_resolution,www.ebay.com//55304//megapixels,www.ebay.com//55950//megapixels,10.0 mp,10.0 to 11.9 mp,1
image_resolution,image_resolution,www.camerafarm.com.au//740//effective pixels,www.eglobalcentral.co.uk//732//total pixels,14.2 million,25 megapixels,1
image_resolution,image_resolution,www.buzzillions.com//2750//megapixels,www.buzzillions.com//2815//still image resolution max,10.0,4928 x 3264,1
image_resolution,image_resolution,www.ebay.com//45853//megapixels,www.ebay.com//48227//megapixels,16.2 mp,22.3 mp,1
image_resolution,image_resolution,www.ebay.com//54086//megapixels,www.wexphotographic.com//208//megapixels,16.2 mp,16,1
image_resolution,image_resolution,www.pricedekho.com//752//optical sensor resolution in megapixel,www.shopmania.in//859//resolution,,14 mp (more than 67%),1
image_resolution,image_resolution,www.ebay.com//52625//megapixels,www.ebay.com//56313//megapixels,20.1 mp,20.2,1
image_resolution,image_resolution,www.camerafarm.com.au//769//total pixels,www.wexphotographic.com//171//resolution,15.13 million,4000 x 3000,1
image_resolution,image_resolution,buy.net//6370//total pixels,www.ebay.com//48491//megapixels,20400000,16.2 mp,1
image_resolution,image_resolution,www.shopbot.com.au//1577//sensor resolution,www.ilgs.net//98//still image resolutions,14 mpx,"4000 x 3000
4000 x 2664
4000 x 2248
2992 x 2992
2816 x 2112
2816 x 1864
2816 x 1584
2112 x 2112
2048 x 1536
2048 x 1360
1920 x 1080
1536 x 1536",1
image_resolution,image_resolution,www.pricedekho.com//1051//pixels,www.ebay.com//56735//megapixels,"optical sensor resolution (in megapixel)
16.1 mp",16.0 mp,1
image_resolution,image_resolution,www.ebay.com//60877//megapixels,www.pcconnection.com//12364//megapixels,16.1 mp,18 megapixel(s),1
image_resolution,image_resolution,www.camerafarm.com.au//832//total pixels,www.ebay.com//41907//megapixels,12 million,16.0 mp,1
image_resolution,image_resolution,www.ebay.com//54115//megapixels,www.garricks.com.au//121//resolution,21.1 18.0,10.1mp,1
image_resolution,image_resolution,www.ebay.com//47852//megapixels,www.ebay.com//55163//megapixels,16.2 mp,36.3 mp,1
image_resolution,image_resolution,cammarkt.com//413//image resolutions,www.ebay.com//44044//megapixels,3504 x 2336,10.2 mp,1
image_resolution,image_resolution,www.ebay.com//59499//megapixels,www.ebay.com//42462//megapixels,14.0 mp,12.3 mp,1
image_resolution,image_resolution,www.ebay.com//48402//megapixels,www.ebay.com//53055//megapixels,24.2,16.2 mp,1
image_resolution,image_resolution,www.ebay.com//60699//megapixels,www.ebay.com//24735//megapixels,10.1 mp,14.2 mp,1
image_resolution,image_resolution,www.eglobalcentral.co.uk//395//effective pixels,www.shopbot.com.au//222//sensor resolution,approx. 24.26 megapixels,"12,1 mpx",1
image_resolution,image_resolution,www.ebay.com//45102//megapixels,www.shopbot.com.au//1482//sensor resolution,16.2 mp,"24,2 mpx",1
image_resolution,image_resolution,www.price-hunt.com//915//optical sensor resolution in megapixel,www.eglobalcentral.co.uk//570//effective pixels,22.30 megapixels,24 megapixels,1
image_resolution,image_resolution,www.ebay.com//43785//megapixels,www.shopmania.in//1406//resolution,10.2 mp,12.3 mp (more than 65%),1
image_resolution,image_resolution,www.mypriceindia.com//191//camera resolution,www.ebay.com//56782//megapixels,19 mp,12.3 mp,1
image_resolution,image_resolution,www.ebay.com//45656//megapixels,www.pcconnection.com//12196//megapixels,12.1 mp,10.1 megapixel(s),1
image_resolution,image_resolution,www.ebay.com//46759//megapixels,www.pcconnection.com//12386//megapixels,16.3 mp,18 megapixel(s),1
image_resolution,image_resolution,www.ebay.com//24040//megapixels,www.buzzillions.com//2296//pixel count,14.0 mp,12 megapixel,1
image_resolution,image_resolution,www.priceme.co.nz//2093//max image resolution,www.ebay.com//43031//megapixels,5456x3632,18.0 mp,1
image_resolution,image_resolution,www.priceme.co.nz//1691//max image resolution,www.ebay.com//54693//megapixels,5760x3840,14.2 mp,1
image_resolution,image_resolution,buy.net//5381//total pixels,www.mypriceindia.com//178//camera resolution,15100000,17.0 mp,1
image_resolution,image_resolution,www.ebay.com//48422//megapixels,www.ebay.com//53123//megapixels,16.2 mp,12.1,1
image_resolution,image_resolution,www.priceme.co.nz//2103//max image resolution,www.ebay.com//47484//megapixels,4608x3456,20.1 mp,1
image_resolution,image_resolution,buy.net//6179//effective megapixels,www.ebay.com//47733//megapixels,16300000 pixels,36.3 mp,1
image_resolution,image_resolution,www.pcconnection.com//12440//megapixels,www.cambuy.com.au//105//number of effective pixels,18.2 megapixel(s),12.2 million,1
image_resolution,image_resolution,www.eglobalcentral.co.uk//732//total pixels,www.eglobalcentral.co.uk//471//total pixels,25 megapixels,19 megapixels,1
image_resolution,image_resolution,buy.net//6324//effective megapixels,www.ebay.com//25010//megapixels,24200000 pixels,14.2 mp,1
image_resolution,image_resolution,buy.net//4319//total pixels,www.eglobalcentral.co.uk//155//total pixels,24.78 megapixel,approx. 12.8 megapixels,1
image_resolution,image_resolution,cammarkt.com//78//resolution,www.ebay.com//53249//megapixels,19 megapixel,14.2 mp,1
image_resolution,image_resolution,www.ebay.com//42517//megapixels,www.buzzillions.com//2315//megapixels,14.2 mp,16 megapixels,1
image_resolution,image_resolution,www.gosale.com//440//megapixel range,www.pcconnection.com//12432//megapixels,6.0 megapixels +,24.3 megapixel(s),1
image_resolution,image_resolution,www.ebay.com//43790//megapixels,www.ilgs.net//43//still image resolutions,22.3 mp,"4608 x 3456, 3264 x 2448, 2048 x 1536, 640 x 480, 4608 x 2592, 3264 x 1832, 1920 x 1080, 640 x 360, 4608 x 3072, 3264 x 2176, 2048 x 1368, 640 x 424, 3456 x 3456, 2448 x 2448, 1536 x 1536, 480 x 480",1
image_resolution,image_resolution,www.ebay.com//52957//megapixels,www.ebay.com//52959//megapixels,24.3 mp,24.2 mp,1
image_resolution,image_resolution,www.ebay.com//48597//megapixels,www.ebay.com//44229//megapixels,36.3 mp,16.0,1
image_resolution,image_resolution,www.ebay.com//46357//megapixels,www.ebay.com//60484//megapixels,14.3 mp,24.2 mp,1
image_resolution,image_resolution,www.ebay.com//24038//megapixels,www.ebay.com//59143//megapixels,16.2 mp,24.2 mp,1
image_resolution,image_resolution,www.priceme.co.nz//1869//max image resolution,www.shopbot.com.au//331//sensor resolution,4608x3072,"12,3 mpx",1
image_resolution,image_resolution,www.mypriceindia.com//191//camera resolution,www.ebay.com//44470//megapixels,19 mp,16.2mp,1
image_resolution,image_resolution,www.priceme.co.nz//2276//max image resolution,www.ebay.com//58731//megapixels,4896x3264,12.1 mp,1
image_resolution,image_resolution,www.ilgs.net//7//still image resolutions,www.eglobalcentral.co.uk//46//max resolution,"4608 x 3456, 3264 x 2448, 2048 x 1536, 640 x 480, 4608 x 2592, 3264 x 1832, 1920 x 1080, 640 x 360, 4608 x 3072, 3264 x 2176, 2048 x 1368, 640 x 424, 3456 x 3456, 2448 x 2448, 1536 x 1536, 480 x 480",6000 x 4000,1
image_resolution,image_resolution,www.ebay.com//58635//megapixels,www.shopbot.com.au//222//sensor resolution,18.0 mp,"12,1 mpx",1
image_resolution,image_resolution,www.ebay.com//24638//megapixels,www.shopmania.in//1300//image resolutions,16.2 mp,640x480 / 1920x1080 / 2304x1536 / 3456x2304 / 4608x3072,1
image_resolution,image_resolution,www.priceme.co.nz//2011//max image resolution,www.ebay.com//59938//megapixels,4608x3456,12.1 mp,1
image_resolution,image_resolution,www.mypriceindia.com//732//camera resolution,www.shopmania.in//1226//image resolutions,15 mp,640x480 / 1920x1080 / 2592x1944 / 3648x2736 / 4896x2752 / 4896x3672,1
image_resolution,image_resolution,www.priceme.co.nz//2283//max image resolution,www.shopmania.in//858//image resolutions,4608x3456,480x480 / 640x360 / 640x424 / 640x480 / 1200x1200 / 1600x1064 / 1600x1200 / 1920x1080 / 2112x2112 / 2816x1584 / 2816x1880 / 2816x2112 / 2992x2992 / 3456x2592 / 4000x2248 / 4000x2664 / 4000x3000,1
image_resolution,image_resolution,www.ebay.com//46187//megapixels,www.shopmania.in//1311//resolution,16.3 mp,18 mp (more than 90%),1
image_resolution,image_resolution,www.camerafarm.com.au//819//total pixels,www.ebay.com//55918//megapixels,12 million,8.0 mp,1
image_resolution,image_resolution,www.ebay.com//52699//megapixels,www.buzzillions.com//2163//resolution,24,12.3megapixel,1
image_resolution,image_resolution,www.eglobalcentral.co.uk//534//total pixels,www.walmart.com//675//resolution megapixels,24 megapixels,16.1 mp,1
image_resolution,image_resolution,www.ebay.com//42462//megapixels,www.buzzillions.com//2027//megapixels,12.3 mp,16,1
image_resolution,image_resolution,www.ebay.com//58588//megapixels,www.shopmania.in//1721//image resolutions,16.2 mp,2992x2000 / 4496x3000 / 6000x4000,1
image_resolution,image_resolution,www.ebay.com//56696//megapixels,www.ebay.com//58910//megapixels,16.0 mp,16.2 mp,1
image_resolution,image_resolution,www.ebay.com//54693//megapixels,www.ebay.com//42517//megapixels,14.2 mp,14.2 mp,1
image_resolution,image_resolution,www.priceme.co.nz//2232//max image resolution,www.pcconnection.com//12437//megapixels,4896x3264,18.2 megapixel(s),1
image_resolution,image_resolution,www.ebay.com//56499//megapixels,www.ebay.com//56741//megapixels,14.2 mp,16.1 mp,1
image_resolution,image_resolution,www.ebay.com//43191//megapixels,www.ebay.com//46759//megapixels,36.3 mp,16.3 mp,1
image_resolution,image_resolution,www.shopmania.in//1066//image resolutions,www.buzzillions.com//2027//megapixels,640x480 / 1920x1080 / 2464x1632 / 3264x2448 / 3696x2448 / 4000x2248 / 4928x3264,16,1
image_resolution,image_resolution,www.ebay.com//54577//megapixels,www.garricks.com.au//49//resolution,8.0 mp,22.3mp,1
image_resolution,image_resolution,www.ebay.com//45804//megapixels,www.buzzillions.com//1864//megapixels,12.1 mp,16,1
image_resolution,image_resolution,www.ebay.com//44904//megapixels,www.ebay.com//44472//megapixels,14.2 mp,16.1 mp,1
image_resolution,image_resolution,www.shopmania.in//1721//image resolutions,www.eglobalcentral.co.uk//537//max resolution,2992x2000 / 4496x3000 / 6000x4000,4928 x 3264,1
image_resolution,image_resolution,www.ebay.com//55455//megapixels,www.ebay.com//44230//megapixels,12.1 mp,18.0 mp,1
image_resolution,image_resolution,www.garricks.com.au//71//resolution,www.wexphotographic.com//213//resolution,16.1mp,4608 x 2592,1
image_resolution,image_resolution,www.ilgs.net//142//megapixel,www.cambuy.com.au//54//total pixels,approx. 18.2 mp,24.78 million,1
image_resolution,image_resolution,www.eglobalcentral.co.uk//608//effective pixels,www.ebay.com//53059//megapixels,18 megapixels,36.3 mp,1
image_resolution,image_resolution,www.ebay.com//56311//megapixels,www.ebay.com//42462//megapixels,16.0 mp,12.3 mp,1
image_resolution,image_resolution,www.ebay.com//56618//megapixels,www.ebay.com//44418//megapixels,24.2 mp,14.2 mp,1
image_resolution,image_resolution,www.mypriceindia.com//771//camera resolution,www.ebay.com//48282//megapixels,16 mp,24.2 mp,1
image_resolution,image_resolution,www.eglobalcentral.co.uk//136//total pixels,www.eglobalcentral.co.uk//192//effective pixels,25 megapixels,approx. 24.16 megapixels,1
image_resolution,image_resolution,www.pricedekho.com//1038//pixels,www.ebay.com//25123//megapixels,"optical sensor resolution (in megapixel)
16 mp",18mp â 24mp,1
image_resolution,image_resolution,www.ebay.com//44383//megapixels,www.ebay.com//42547//megapixels,16.0 mp,14.2 mp,1
image_resolution,image_resolution,www.ebay.com//47799//megapixels,www.ebay.com//45303//megapixels,24.3 mp,12.1 mp,1
image_resolution,image_resolution,www.ebay.com//45536//megapixels,www.wexphotographic.com//601//megapixels,10.2 mp,16.4,1
image_resolution,image_resolution,www.ebay.com//24072//megapixels,www.ebay.com//56180//megapixels,16.0 mp,10.1 mp,1
image_resolution,image_resolution,www.priceme.co.nz//1692//max image resolution,www.ebay.com//47393//megapixels,4000x3000,1500,1
image_resolution,image_resolution,www.priceme.co.nz//2018//max image resolution,www.garricks.com.au//61//resolution,6000x4000,36.3mp,1
image_resolution,image_resolution,www.priceme.co.nz//39//max image resolution,www.ebay.com//42477//megapixels,6000x4000,16.3 mp,1
image_resolution,image_resolution,www.mypriceindia.com//19//camera resolution,www.ebay.com//43785//megapixels,25 mp,10.2 mp,1
image_resolution,image_resolution,www.camerafarm.com.au//832//total pixels,www.shopmania.in//1677//image resolutions,12 million,3008x2000 / 4512x3000,1
image_resolution,image_resolution,www.price-hunt.com//9570//optical sensor resolution in megapixel,www.ebay.com//52732//megapixels,20.1 megapixels,7.1 mp,1
image_resolution,image_resolution,www.ebay.com//23959//megapixels,www.shopmania.in//1138//resolution,16.1 mp,24 mp (more than 97%),1
image_resolution,image_resolution,www.shopmania.in//1430//resolution,www.shopmania.in//1383//image resolutions,14.2 mp (more than 75%),2272x1704 / 3456x3456 / 4608x3456,1
image_resolution,image_resolution,www.ebay.com//59643//megapixels,www.ebay.com//43019//megapixels,12.3 mp,24.2 mp,1
image_resolution,image_resolution,www.ebay.com//47952//megapixels,www.ebay.com//24147//megapixels,18.0 mp,16.0 mp,1
image_resolution,image_resolution,www.ebay.com//24237//megapixels,www.wexphotographic.com//571//megapixels,18.0 mp,16.2,1
image_resolution,image_resolution,www.ebay.com//45536//megapixels,www.eglobalcentral.co.uk//535//max resolution,10.2 mp,5760 x 3840,1
image_resolution,image_resolution,www.ebay.com//42086//megapixels,www.ilgs.net//7//maximum image resolution,22.3 mp,4608 x 3456 pixels,1
image_resolution,image_resolution,www.ebay.com//47994//megapixels,www.buzzillions.com//1820//effective megapixel count,22.3 mp,14.2,1
image_resolution,image_resolution,www.ebay.com//59563//megapixels,www.buzzillions.com//2719//resolution,24.3 mp,21.1megapixel,1
image_resolution,image_resolution,www.priceme.co.nz//2317//max image resolution,www.ebay.com//54543//megapixels,4608x3072,36.3 mp,1
image_resolution,image_resolution,www.ebay.com//57039//megapixels,www.mypriceindia.com//16//max resolution,12.1 mp,6000 x 4000 pixels,1
image_resolution,image_resolution,buy.net//5803//effective megapixels,www.ebay.com//53943//megapixels,14.2 megapixel,3.2 mp,1
image_resolution,image_resolution,www.eglobalcentral.co.uk//191//total pixels,www.eglobalcentral.co.uk//219//max resolution,approx. 19 megapixels,5184 x 3456,1
image_resolution,image_resolution,cammarkt.com//325//image resolutions,www.ebay.com//43371//megapixels,2464 x 1632,10.0 mp,1
image_resolution,image_resolution,www.ebay.com//54686//megapixels,www.ebay.com//54907//megapixels,24.2 mp,24.2 mp,1
image_resolution,image_resolution,www.priceme.co.nz//2220//max image resolution,www.eglobalcentral.co.uk//287//effective pixels,6000x4000,approx. 24.26 megapixels,1
image_resolution,image_resolution,www.ebay.com//56420//megapixels,www.ebay.com//47448//megapixels,24.2,24.2 mp,1
image_resolution,image_resolution,www.ebay.com//53206//megapixels,www.ebay.com//44662//megapixels,12.1 mp,14.0 mp,1
image_resolution,image_resolution,www.ebay.com//43224//megapixels,www.eglobalcentral.co.uk//63//max resolution,22.3 mp,6000 x 4000,1
image_resolution,image_resolution,www.priceme.co.nz//48//max image resolution,www.shopmania.in//1341//image resolutions,5184x3456,640x480 / 1536x1536 / 1920x1080 / 2048x1360 / 2048x1536 / 2112x2112 / 2816x1584 / 2816x1864 / 2816x2112 / 2992x2992 / 3072x1728 / 3072x2304 / 4000x2248 / 4000x2664 / 4000x3000 / 4288x2416 / 4288x2848 / 4288x2864 / 4288x3216,1
image_resolution,image_resolution,www.ebay.com//59832//megapixels,www.wexphotographic.com//147//resolution,24.2 mp,4608 x 3456,1
image_resolution,image_resolution,www.ebay.com//46778//megapixels,www.ebay.com//59643//megapixels,14.0 mp,12.3 mp,1
image_resolution,image_resolution,buy.net//6408//total pixels,www.mypriceindia.com//113//max resolution,20400000 pixels,4000 x 3000 pixels,1
image_resolution,image_resolution,www.ebay.com//24155//megapixels,www.ebay.com//44794//megapixels,14.2 mp,22.3 mp,1
image_resolution,image_resolution,www.ebay.com//47861//megapixels,www.ebay.com//47740//megapixels,18.0 mp,14.2 mp,1
image_resolution,image_resolution,www.priceme.co.nz//84//max image resolution,www.ebay.com//53335//megapixels,6000x4000,12.1 mp,1
image_resolution,image_resolution,www.ebay.com//57198//megapixels,www.wexphotographic.com//618//resolution,24.2 mp,3648 x 2736,1
image_resolution,image_resolution,www.ebay.com//55613//megapixels,www.buzzillions.com//2719//megapixels,16.2 mp,21.10,1
image_resolution,image_resolution,www.pricedekho.com//983//pixels,www.ebay.com//60532//megapixels,"optical sensor resolution (in megapixel)
24.2 mp",16.2 mp,1
image_resolution,image_resolution,www.shopmania.in//1135//resolution,www.buzzillions.com//2630//megapixels,16.1 mp (more than 84%),14 megapixels,1
image_resolution,image_resolution,www.pricedekho.com//1019//pixels,www.ebay.com//45864//megapixels,"optical sensor resolution (in megapixel)
12.2 mp",16.1 mp,1
image_resolution,image_resolution,www.priceme.co.nz//2356//max image resolution,www.shopbot.com.au//1257//sensor resolution,5760x3840,"22,3 mpx",1
image_resolution,image_resolution,buy.net//5901//effective megapixels,www.ebay.com//55734//megapixels,12.1 megapixel,24.2 mp,1
image_resolution,image_resolution,www.eglobalcentral.co.uk//155//effective pixels,www.pcconnection.com//4455//megapixels,approx. 12.1 megapixels,14.2 megapixel(s),1
image_resolution,image_resolution,www.ebay.com//55207//megapixels,www.ukdigitalcameras.co.uk//176//camera resolution,20.1 mp,16.2 megapixels,1
image_resolution,image_resolution,www.ebay.com//47009//megapixels,www.shopmania.in//1189//image resolutions,36.3 mp,640x480 / 1024x768 / 1600x1200 / 1824x1368 / 2048x1536 / 2272x1704 / 2592x1944 / 2816x2112 / 3264x2448 / 3456x1944 / 3648x2048 / 3648x2736 / 3968x2232 / 4000x3000,1
image_resolution,image_resolution,cammarkt.com//266//resolution,www.ebay.com//57345//megapixels,"8.5 megapixel
there are several different types of digital cameras. compact and ultra-compact are light, pocket-sized cameras that are easy to carry, usually with a built-in lens. standard point-and-shoot cameras are of medium size, usually come with a built-in lens, and have basic features that are useful for the casual photographer. slr/professional cameras are usually larger, but offer more advanced features and detachable lenses for the photography enthusiast or professional.",16.4 mp,1
image_resolution,image_resolution,www.ebay.com//54667//megapixels,www.cambuy.com.au//111//effective pixels,24.2 mp,24.2 million,1
image_resolution,image_resolution,www.ebay.com//23868//megapixels,www.eglobalcentral.co.uk//711//max resolution,16.0 mp,4000 x 3000,1
image_resolution,image_resolution,cammarkt.com//310//image resolutions,www.ebay.com//54831//megapixels,2592 x 1728,24.3 mp,1
image_resolution,image_resolution,www.mypriceindia.com//775//camera resolution,www.ebay.com//52798//megapixels,20.1 mp,21.1mp,1
image_resolution,image_resolution,www.ebay.com//46962//megapixels,www.ebay.com//42458//megapixels,16.0 mp,24.3 mp,1
image_resolution,image_resolution,www.pricedekho.com//1083//pixels,www.shopmania.in//1406//image resolutions,"optical sensor resolution (in megapixel)
16 mp",2144x1424 / 3216x2136 / 4288x2848,1
image_resolution,image_resolution,www.ebay.com//47799//megapixels,www.ebay.com//44608//megapixels,24.3 mp,5.0 mp,1
image_resolution,image_resolution,www.ebay.com//45461//megapixels,www.ebay.com//42618//megapixels,16.2 mp,10.0 mp,1
image_resolution,image_resolution,www.ebay.com//60867//megapixels,www.ebay.com//57615//megapixels,24.3 mp,14.0 mp,1
image_resolution,image_resolution,www.ebay.com//46655//megapixels,www.ebay.com//42595//megapixels,10.2 mp,36.3 mp,1
image_resolution,image_resolution,buy.net//6447//effective megapixels,www.flipkart.com//2200//optical sensor resolution in megapixel,24300000 pixels,16.1 megapixels,1
image_resolution,image_resolution,www.eglobalcentral.co.uk//527//effective pixels,www.pcconnection.com//12364//megapixels,14 megapixels,18 megapixel(s),1
image_resolution,image_resolution,buy.net//6502//total pixels,www.ebay.com//56980//megapixels,23400000 pixels,24.2 mp,1
image_resolution,image_resolution,www.ebay.com//57076//megapixels,www.shopmania.in//1150//resolution,16.2 mp,24 mp (more than 97%),1
image_resolution,image_resolution,www.ebay.com//45749//megapixels,www.ebay.com//43713//megapixels,10.2 mp,12.3 mp,1
image_resolution,image_resolution,www.ebay.com//47638//megapixels,www.ebay.com//42802//megapixels,24.3 mp,14.2 mp,1
image_resolution,image_resolution,www.priceme.co.nz//2125//max image resolution,www.ebay.com//52751//megapixels,3872x2592,12.3 mp,1
image_resolution,image_resolution,buy.net//5641//total pixels,www.buzzillions.com//2021//resolution,16600000,12.1 megapixel,1
image_resolution,image_resolution,buy.net//6117//effective megapixels,www.shopmania.in//1686//resolution,24300000 pixels,16.2 mp (more than 88%),1
image_resolution,image_resolution,www.ebay.com//44631//megapixels,www.buzzillions.com//2296//still image resolution max,12.3 mp,4288 x 2848,1
image_resolution,image_resolution,www.ebay.com//46580//megapixels,www.shopmania.in//1150//image resolutions,22.3 mp,2992x2000 / 4496x3000 / 6000x4000,1
image_resolution,image_resolution,www.ebay.com//56608//megapixels,www.ebay.com//56445//megapixels,10.2 mp,12.3 mp,1
image_resolution,image_resolution,www.ebay.com//44015//megapixels,www.ebay.com//46549//megapixels,3.2 mp,18.0 mp,1
image_resolution,image_resolution,www.priceme.co.nz//1676//max image resolution,www.ilgs.net//104//megapixel,4608x3456,16 mp 16,1
image_resolution,image_resolution,www.ebay.com//55741//megapixels,www.ebay.com//45255//megapixels,22.3 mp,12.8,1
image_resolution,image_resolution,buy.net//5889//total pixels,www.ebay.com//52687//megapixels,10000000,10.2 mp,1
image_resolution,image_resolution,buy.net//6511//effective megapixels,www.ebay.com//42985//megapixels,16.3 megapixel,14.2 mp,1
image_resolution,image_resolution,www.ebay.com//45509//megapixels,www.buzzillions.com//1804//resolution,16.0 mp,10megapixel,1
image_resolution,image_resolution,www.ebay.com//59174//megapixels,www.shopmania.in//949//resolution,12.3 mp,24.2 mp (more than 98%),1
image_resolution,image_resolution,buy.net//6078//total pixels,www.cambuy.com.au//111//effective pixels,16800000,24.2 million,1
image_resolution,image_resolution,www.ebay.com//53156//megapixels,www.buzzillions.com//1804//pixel count,14.0 mp,10 megapixel,1
image_resolution,image_resolution,www.shopmania.in//1150//image resolutions,www.mypriceindia.com//99//max resolution,2992x2000 / 4496x3000 / 6000x4000,4000 x 3000 pixels,1
image_resolution,image_resolution,cammarkt.com//392//image resolutions,www.ebay.com//45057//megapixels,2304 x 1536,16.1 mp,1
image_resolution,image_resolution,cammarkt.com//324//image resolutions,www.priceme.co.nz//2008//max image resolution,2304 x 1536,4896x3672,1
image_resolution,image_resolution,www.camerafarm.com.au//822//effective pixels,www.eglobalcentral.co.uk//469//total pixels,16.2 million,24 megapixels,1
image_resolution,image_resolution,www.ebay.com//47733//megapixels,www.mypriceindia.com//66//max resolution,36.3 mp,5184 x 3456 pixels,1
image_resolution,image_resolution,www.shopmania.in//1454//image resolutions,www.cambuy.com.au//148//effective pixels,640x480 / 1920x1080 / 2048x1360 / 2048x1536 / 2816x1584 / 2816x1864 / 2816x2112 / 4000x2248 / 4000x2664 / 4000x3000,24.2 million,1
image_resolution,image_resolution,www.ebay.com//59327//megapixels,www.ebay.com//60471//megapixels,24.2 mp,12.1 mp,1
image_resolution,image_resolution,www.mypriceindia.com//23//camera resolution,www.ebay.com//45811//megapixels,19 mp,14.0 mp,1
image_resolution,image_resolution,www.ebay.com//60511//megapixels,www.ebay.com//43197//megapixels,16.0 mp,16.0 mp,1
image_resolution,image_resolution,www.ebay.com//55380//megapixels,www.ebay.com//47012//megapixels,36.3 mp,20.1 mp,1
image_resolution,image_resolution,buy.net//6228//effective megapixels,www.ebay.com//47389//megapixels,16100000 pixels,16.3 mp,1
image_resolution,image_resolution,www.mypriceindia.com//750//camera resolution,www.ebay.com//47012//megapixels,24.3 mp,20.1 mp,1
image_resolution,image_resolution,www.camerafarm.com.au//835//total pixels,www.ebay.com//59233//megapixels,12 million,14.3 mp,1
image_resolution,image_resolution,buy.net//6305//effective megapixels,www.henrys.com//210//effective pixels,24200000 pixels,16.0mp,1
image_resolution,image_resolution,www.mypriceindia.com//92//camera resolution,www.ebay.com//45618//megapixels,16.2 mp,10.0 mp,1
image_resolution,image_resolution,www.ebay.com//45557//megapixels,www.ebay.com//56206//megapixels,12.3 mp,10.2 mp,1
image_resolution,image_resolution,buy.net//6601//effective megapixels,www.ebay.com//25067//megapixels,13200000 pixels,16.1 mp,1
image_resolution,image_resolution,www.ebay.com//45048//megapixels,www.buzzillions.com//1035//still image resolution max,16.1 mp,4000 x 3000,1
image_resolution,image_resolution,www.ebay.com//45171//megapixels,www.ebay.com//53562//megapixels,24.2 mp,10.2 mp,1
image_resolution,image_resolution,buy.net//4312//total pixels,www.ebay.com//46105//megapixels,17000000,10.0 mp,1
image_resolution,image_resolution,www.ebay.com//44143//megapixels,www.ebay.com//53506//megapixels,16.1 mp,7.1 mp,1
image_resolution,image_resolution,www.ukdigitalcameras.co.uk//176//camera resolution,www.buzzillions.com//2913//pixel count,16.2 megapixels,7 megapixel,1
image_resolution,image_resolution,www.ebay.com//44947//megapixels,www.ebay.com//56812//megapixels,12.0 mp,20.1 mp,1
image_resolution,image_resolution,www.ebay.com//55030//megapixels,www.ebay.com//44771//megapixels,24.3 mp,16.3 mp,1
image_resolution,image_resolution,www.ebay.com//53041//megapixels,www.pcconnection.com//12448//megapixels,12.3 mp,18.2 megapixel(s),1
image_resolution,image_resolution,www.eglobalcentral.co.uk//335//total pixels,www.mypriceindia.com//732//max resolution,17 megapixels,4608 x 3072 pixels,1
image_resolution,image_resolution,www.ebay.com//47985//megapixels,www.pcconnection.com//12439//megapixels,24.3 mp,24.3 megapixel(s),1
image_resolution,image_resolution,www.ebay.com//55770//megapixels,www.ebay.com//42462//megapixels,18.0 mp,12.3 mp,1
image_resolution,image_resolution,www.ebay.com//55035//megapixels,www.shopbot.com.au//308//sensor resolution,20.1 mp,"24,2 mpx",1
image_resolution,image_resolution,www.ebay.com//60511//megapixels,www.garricks.com.au//30//resolution,16.0 mp,18mp,1
image_resolution,image_resolution,www.ebay.com//43761//megapixels,www.ebay.com//43019//megapixels,12.1 mp,24.2 mp,1
video_format,video_format,www.mypriceindia.com//773//video format,www.garricks.com.au//78//video recording format,mpeg-4 avc / h. 264,full hd,1
video_format,video_format,www.wexphotographic.com//211//file formats,www.garricks.com.au//85//video recording format,"raw, jpeg, mp4",full hd,1
video_format,video_format,www.mypriceindia.com//7//video format,www.shopmania.in//655//digital video format,"h.264, mov, mpeg-4 avc / h.264",mov / quicktime / mpeg-4 / h.264,1
video_resolution,video_resolution,www.cambuy.com.au//98//movies,www.price-hunt.com//9570//video display resolution,"mp4 [video: mpeg-4 avc / h.264, audio: mpeg-4 aac-lc (stereo)] iframe (full hd) 1920 x 1080, 60 fps / 30 fps (hd) 1280 x 720, 30 fps (l) 640 x 480, 30 fps star time-lapse movie (full hd) 30 fps / 15 fps miniature effect (hd, l) 6 fps, 3 fps, 1.5 fps hybrid auto (hd) 30 fps iframe movie (full hd) 30 fps",1280 x 720,1
video_resolution,video_resolution,www.buzzillions.com//1957//movie mode,buy.net//5855//maximum video capture resolution,1920 x 1080 1280 x 720 640 x 424 quicktime mov,1920 x 1080,1
video_resolution,video_resolution,buy.net//6670//maximum video capture resolution,www.shopbot.com.au//1612//video resolution,1920 x 1080,1920x1080 px,1
video_resolution,video_resolution,www.pricedekho.com//1220//video display resolution,www.wexphotographic.com//587//movie mode,na,720p,1
video_resolution,video_resolution,buy.net//5970//maximum video capture resolution,www.ilgs.net//104//maximum video resolution,640 x 480,1920 x 1080 pixels,1
video_resolution,video_resolution,buy.net//6555//maximum video capture resolution,www.ilgs.net//33//motion jpeg frame rate,1920 x 1080,30 fps,1
iso_sensitivity_min,iso_sensitivity_min,www.mypriceindia.com//35//iso rating,www.mypriceindia.com//48//iso rating,100 - 25600,100 - 25600,1
iso_sensitivity_min,iso_sensitivity_min,www.shopmania.in//1338//light sensitivity iso,www.eglobalcentral.co.uk//605//iso sensitivity,100 / 200 / 400 / 800,"auto, 100, 200, 400, 800, 1600, 3200, 6400, 12800, 25600 (with boost)",1
iso_sensitivity_min,iso_sensitivity_min,www.priceme.co.nz//1925//light sensitivity,www.shopmania.in//1617//light sensitivity iso,"200 - 6,400 iso",auto / 25 / 50 / 80 / 100 / 200 / 400 / 640 / 800 / 1200 / 1600 / 3200,1
iso_sensitivity_min,iso_sensitivity_min,www.wexphotographic.com//161//iso min,www.wexphotographic.com//192//iso min,125,100,1
iso_sensitivity_min,iso_sensitivity_min,www.cambuy.com.au//98//iso sensitivity,www.cambuy.com.au//144//iso sensitivity standard output sensitivity,"125, 160, 200, 250, 320, 400, 500, 640, 800, 1000, 1250, 1600, 2000, 2500, 3200, 4000, 5000, 6400, 8000, 10000, 12800 [15] auto iso: 125 - 12800 (possible to set max. iso speed and rate of change)","iso 100-1600 iso 3200, 6400 (available when using p, s, a or m mode) hi 1 (equivalent to iso 12800) (available when using high iso monochrome in special effects mode)",1
iso_sensitivity_min,iso_sensitivity_min,www.eglobalcentral.co.uk//733//iso sensitivity,www.eglobalcentral.co.uk//287//iso sensitivity,100-25600,"iso 100-6400, expandable to lo-1 (iso 50), hi1 (iso 12800) and hi2 (iso 25600)",1
iso_sensitivity_min,iso_sensitivity_min,www.mypriceindia.com//687//iso rating,www.flipkart.com//2217//iso rating,100 - 1600,iso 80 - 1600 (auto),1
iso_sensitivity_min,iso_sensitivity_min,www.priceme.co.nz//2145//light sensitivity,www.priceme.co.nz//2325//light sensitivity,"100 - 12,800 iso","100 - 6,400 iso",1
iso_sensitivity_min,iso_sensitivity_min,www.priceme.co.nz//1945//light sensitivity,www.eglobalcentral.co.uk//585//iso sensitivity,"100 - 12,800 iso","iso 100-6400, expandable to hi1 (iso 12800)",1
lens_mount_type,lens_mount_type,buy.net//6417//lens mount,www.cambuy.com.au//5//lens,sony e,"aperture f1.7 - 2.8 / 9 diaphragm blades (f1.7 - 16.0 (w), f2.8 - 16.0 (t)) leica dc vario-summilux/11 elements in 8 groups/(5 aspherical lenses / 8 aspherical surfaces / 2 dual-sided aspherical surface ed lenses)",1
lens_mount_type,lens_mount_type,www.eglobalcentral.co.uk//356//lens mount,www.garricks.com.au//129//lens mount,f mount,micro 4/3,1
lens_mount_type,lens_mount_type,www.mypriceindia.com//738//lens type,www.eglobalcentral.co.uk//605//lens mount,sony e (nex),nikon f mount,1
lens_mount_type,lens_mount_type,www.price-hunt.com//749//lens type,www.eglobalcentral.co.uk//587//lens mount,nikkor lens,nikon f mount,1
microphone_type,microphone_type,www.pricedekho.com//1157//microphone,www.eglobalcentral.co.uk//63//microphone,monaural microphone,mono,1
microphone_type,microphone_type,www.flipkart.com//2240//microphone,www.buzzillions.com//1820//microphone,built-in monaural microphone,built-in mono,1
red_eye_reduction,red_eye_reduction,www.pricedekho.com//1196//red eye reduction,www.shopmania.in//1065//red eye reduction,yes,yes,1
screen_size,screen_size,www.eglobalcentral.co.uk//108//lcd screen size inch,www.shopbot.com.au//323//lcd size,3.2″,"3 """,1
screen_size,screen_size,www.ebay.com//59347//screen size,www.shopmania.in//1454//screen size,"3.0""","3"" (more than 62%)",1
screen_size,screen_size,www.ebay.com//60479//screen size,www.pcconnection.com//12163//display size,"3""",3 in,1
screen_size,screen_size,www.ebay.com//45461//screen size,www.ebay.com//53837//screen size,"3""","1.8""",1
screen_size,screen_size,www.ebay.com//24749//screen size,www.ebay.com//54333//screen size,"3""","3""",1
screen_size,screen_size,cammarkt.com//310//lcd screen size,www.ebay.com//45253//screen size,3 in.,"3""",1
screen_size,screen_size,www.ebay.com//56881//screen size,www.ebay.com//24567//screen size,"3""","3""",1
screen_size,screen_size,www.ebay.com//55080//screen size,www.ebay.com//43182//screen size,"3""","1.5""",1
screen_size,screen_size,www.ebay.com//42401//screen size,www.ebay.com//48369//screen size,"3""","3""",1
screen_size,screen_size,www.ebay.com//42477//screen size,www.ebay.com//56944//screen size,"3""","3""",1
screen_size,screen_size,www.ebay.com//55824//screen size,www.ebay.com//58944//screen size,"3""","3""",1
screen_size,screen_size,www.ebay.com//54950//screen size,www.ebay.com//46187//screen size,"2.5""","2.8""",1
screen_size,screen_size,www.ebay.com//53609//screen size,www.ebay.com//44206//screen size,"3.2""","3""",1
screen_size,screen_size,cammarkt.com//344//lcd screen size,www.wexphotographic.com//203//screen size inches,3.2 in.,3,1
screen_size,screen_size,www.flipkart.com//2236//lcd screen size,www.wexphotographic.com//614//screen size inches,3 inch,3.0,1
screen_size,screen_size,www.ebay.com//48538//screen size,www.pcconnection.com//4476//display size,"3.2""",3 in,1
screen_size,screen_size,buy.net//6212//lcd screen size,www.ebay.com//60511//screen size,1.5 in,"3""",1
screen_size,screen_size,www.ebay.com//55420//screen size,www.ebay.com//48966//screen size,"3.2""","3.2""",1
screen_size,screen_size,www.ebay.com//44888//screen size,www.shopmania.in//1140//screen size,"3.2""","3.2"" (more than 97%)",1
screen_size,screen_size,www.ebay.com//42005//screen size,www.ebay.com//47735//screen size,"3""","3""",1
screen_size,screen_size,www.ebay.com//55230//screen size,www.wexphotographic.com//559//screen size inches,"3""",3,1
screen_size,screen_size,www.shopmania.in//1617//screen size,www.ukdigitalcameras.co.uk//246//lcd size,"3"" (more than 62%)","3.0""",1
screen_size,screen_size,buy.net//5889//lcd screen size,www.ebay.com//43984//screen size,2.7 in,"3""",1
screen_size,screen_size,www.ebay.com//58796//screen size,www.gosale.com//892//lcd screen size,"3.2""",3 inches,1
screen_size,screen_size,www.ebay.com//53622//screen size,www.ebay.com//44849//screen size,"3""","3""",1
screen_size,screen_size,www.ebay.com//53809//screen size,www.ebay.com//53106//screen size,"2.5""","2.5""",1
screen_size,screen_size,www.price-hunt.com//9873//lcd screen size,www.ebay.com//45048//screen size,2.7 inch,"3""",1
screen_size,screen_size,buy.net//6207//lcd screen size,www.shopmania.in//1167//screen size,3.2 in,"3"" (more than 62%)",1
screen_size,screen_size,www.ebay.com//60143//screen size,www.shopmania.in//1458//screen size,"3""","3"" (more than 62%)",1
screen_size,screen_size,www.ebay.com//42766//screen size,www.ebay.com//42572//screen size,"3""","3""",1
screen_size,screen_size,www.ebay.com//44206//screen size,www.ebay.com//59411//screen size,"3""","3""",1
screen_size,screen_size,www.ebay.com//46759//screen size,www.ilgs.net//24//lcd screen size,"3""",3,1
screen_size,screen_size,www.pricedekho.com//1157//screen size,www.ebay.com//60062//screen size,2.4 inches,"3.2""",1
screen_size,screen_size,www.ebay.com//24324//screen size,www.ukdigitalcameras.co.uk//257//lcd size,"3""","3.0""",1
screen_size,screen_size,www.ebay.com//60092//screen size,www.ebay.com//55492//screen size,"3""","3.2""",1
screen_size,screen_size,www.pricedekho.com//961//display,www.ebay.com//48003//screen size,"display type
tft lcd
screen size
2.8 inches
image display resolution
460000 dots","3""",1
screen_size,screen_size,www.price-hunt.com//940//lcd screen size,www.henrys.com//160//screen size,3 inch,"2.7""",1
screen_size,screen_size,www.ebay.com//60033//screen size,www.ebay.com//44865//screen size,"3""","3.2""",1
screen_size,screen_size,cammarkt.com//203//lcd screen size,www.ebay.com//45898//screen size,3 in.,"3""",1
screen_size,screen_size,www.ebay.com//47653//screen size,www.ebay.com//44746//screen size,"3.2""","3""",1
screen_size,screen_size,cammarkt.com//76//lcd screen size,www.shopbot.com.au//248//lcd size,3.2 in.,"3,2 """,1
screen_size,screen_size,buy.net//6753//lcd screen size,www.ebay.com//52985//screen size,3 in,"3.2""",1
screen_size,screen_size,www.pricedekho.com//820//screen size,www.ebay.com//58782//screen size,3 inches,"2.5""",1
screen_size,screen_size,www.ebay.com//54212//screen size,www.ebay.com//46873//screen size,"3.2""","3""",1
screen_size,screen_size,www.ebay.com//24351//screen size,www.ebay.com//24237//screen size,"3""","3""",1
screen_size,screen_size,www.ebay.com//52832//screen size,www.ebay.com//54634//screen size,"3""","3""",1
screen_size,screen_size,www.ebay.com//46850//screen size,www.ebay.com//56451//screen size,"2.5""","3""",1
screen_size,screen_size,buy.net//4309//lcd screen size,www.ebay.com//43228//screen size,3 in,"3""",1
screen_size,screen_size,www.ebay.com//56000//screen size,www.shopmania.in//1114//screen size,"3.2""","3"" (more than 62%)",1
screen_size,screen_size,buy.net//6324//lcd screen size,www.ebay.com//60632//screen size,3.2 in,"3""",1
screen_size,screen_size,www.ebay.com//42186//screen size,www.ebay.com//46788//screen size,"2.8""","3.2""",1
screen_size,screen_size,www.ebay.com//53249//screen size,www.ebay.com//53335//screen size,"3""","3""",1
screen_size,screen_size,www.ebay.com//43684//screen size,www.ebay.com//42411//screen size,"3""","3.0""",1
screen_size,screen_size,www.ebay.com//47523//screen size,www.ebay.com//47128//screen size,"3""","3""",1
screen_size,screen_size,www.ebay.com//54255//screen size,www.shopmania.in//1107//screen size,"3.2""","3"" (more than 62%)",1
screen_size,screen_size,www.ebay.com//54765//screen size,www.gosale.com//462//lcd screen size,"3""",3 inches,1
screen_size,screen_size,cammarkt.com//50//lcd screen size,www.ebay.com//56343//screen size,3 in.,"3.2""",1
screen_size,screen_size,www.ebay.com//55020//screen size,www.buzzillions.com//2296//screen size,"3""","3""",1
screen_size,screen_size,www.ebay.com//59202//screen size,www.ebay.com//58745//screen size,"3""","3.2""",1
screen_size,screen_size,www.ebay.com//55477//screen size,www.ebay.com//44667//screen size,"3""","3""",1
screen_size,screen_size,www.ebay.com//24972//screen size,www.ebay.com//60532//screen size,"2.5""","3""",1
screen_size,screen_size,www.ebay.com//60479//screen size,www.ebay.com//57674//screen size,"3""","3.2""",1
screen_size,screen_size,www.ebay.com//56078//screen size,www.ebay.com//53247//screen size,"2.7""","3""",1
screen_size,screen_size,www.ebay.com//47814//screen size,www.shopbot.com.au//1217//lcd size,"3.2""","3 """,1
screen_size,screen_size,www.ebay.com//44701//screen size,www.buzzillions.com//2021//display screen,"2.5""","3""",1
screen_size,screen_size,www.ebay.com//43306//screen size,www.shopbot.com.au//319//lcd size,"3""","3 """,1
screen_size,screen_size,www.ebay.com//46771//screen size,www.ebay.com//54983//screen size,"3""","3""",1
screen_size,screen_size,cammarkt.com//232//lcd screen size,www.ebay.com//44769//screen size,2.5 in.,"3""",1
screen_size,screen_size,www.ebay.com//58561//screen size,www.ebay.com//47638//screen size,"2.5""","3""",1
screen_size,screen_size,www.price-hunt.com//749//lcd screen size,www.ebay.com//56881//screen size,3 inch,"3""",1
screen_size,screen_size,www.ebay.com//46925//screen size,www.shopmania.in//1065//screen size,"3""","3"" (more than 62%)",1
screen_size,screen_size,buy.net//6783//lcd screen size,www.eglobalcentral.co.uk//147//lcd screen size inch,3 in,3.0,1
screen_size,screen_size,www.ebay.com//46684//screen size,www.flipkart.com//2203//lcd screen size,"3""",3 inch,1
screen_size,screen_size,www.ebay.com//55783//screen size,www.shopmania.in//1019//screen size,"2.8""","3"" (more than 62%)",1
screen_size,screen_size,cammarkt.com//266//lcd screen size,www.ebay.com//46684//screen size,1.8 in.,"3""",1
screen_size,screen_size,www.ebay.com//48282//screen size,www.ebay.com//45364//screen size,"3""","3.2""",1
screen_size,screen_size,www.ebay.com//54254//screen size,www.shopbot.com.au//1415//lcd size,"3""","3 """,1
screen_size,screen_size,www.ebay.com//58319//screen size,www.ebay.com//44820//screen size,"3""","3""",1
screen_size,screen_size,www.ebay.com//46925//screen size,www.ebay.com//43655//screen size,"3""","3""",1
screen_size,screen_size,www.ebay.com//47469//screen size,www.wexphotographic.com//586//screen size inches,"3""",2.7,1
screen_size,screen_size,www.ebay.com//42269//screen size,www.ebay.com//47473//screen size,"3""","2.7""",1
screen_size,screen_size,www.ebay.com//55935//screen size,www.ebay.com//60696//screen size,"3""","3.2""",1
screen_size,screen_size,www.ebay.com//47484//screen size,www.ebay.com//46759//screen size,"3""","3""",1
screen_size,screen_size,www.pricedekho.com//1083//display,www.ebay.com//59573//screen size,"screen size
2.7 inches
image display resolution
230000 dots
video display resolution
1280 x 720 pixels (hd) @ 24 fps
supported aspect ratio
04:03","3.2""",1
screen_size,screen_size,www.ebay.com//54872//screen size,www.ebay.com//43546//screen size,"3""","2.5""",1
screen_size,screen_size,www.ebay.com//47012//screen size,www.ebay.com//43571//screen size,"3""","3""",1
screen_size,screen_size,www.ebay.com//43129//screen size,www.wexphotographic.com//587//screen size inches,"3.2""",3.0,1
screen_size,screen_size,www.ebay.com//43615//screen size,www.ebay.com//47646//screen size,"3""","3""",1
screen_size,screen_size,www.pricedekho.com//1126//screen size,www.buzzillions.com//2163//screen size,3 inches,"3""",1
screen_size,screen_size,buy.net//6363//lcd screen size,www.ebay.com//56678//screen size,3 in,"3""",1
screen_size,screen_size,www.ebay.com//54622//screen size,www.ukdigitalcameras.co.uk//228//lcd size,"3""",3.0'',1
screen_size,screen_size,www.ebay.com//54319//screen size,www.ebay.com//52985//screen size,"3""","3.2""",1
screen_size,screen_size,www.ebay.com//55507//screen size,www.ebay.com//24720//screen size,"3""","3""",1
screen_type,screen_type,cammarkt.com//310//display type,www.price-hunt.com//732//lcd display,with lcd screen,tft lcd,1
screen_type,screen_type,www.pcconnection.com//12187//display technology,www.henrys.com//24//display screen type,tft lcd,lcd screen,1
self_timer,self_timer,www.shopmania.in//1438//self timer delay,www.shopmania.in//714//self timer delay,custom / 2s,2s,1
self_timer,self_timer,www.mypriceindia.com//697//self timer,www.shopmania.in//1189//self timer delay,"yes, 10 sec (2 sec with mirror lock-up)",custom / 2s / 10s,1
self_timer,self_timer,www.camerafarm.com.au//835//selftimer,www.camerafarm.com.au//834//selftimer,"2, 5, 10 sec. timer duration electronically controlled",can be selected from 10 or 2 seconds duration,1
self_timer,self_timer,www.price-hunt.com//9828//self timer,www.flipkart.com//2307//self timer,2 and 10 sec,"yes, 2, 5, 10 and 20 sec",1
sensor_size,sensor_size,www.mypriceindia.com//142//sensor size,www.shopmania.in//1598//sensor format,1/2.3 inch,full frame,1
sensor_size,sensor_size,www.eglobalcentral.co.uk//711//sensor size,www.garricks.com.au//83//image format,"1/1.7""",full frame - fx,1
sensor_size,sensor_size,www.eglobalcentral.co.uk//332//sensor size,www.shopmania.in//1284//sensor format,aps-c (23.5 x 15.6 mm),aps-c,1
sensor_size,sensor_size,www.mypriceindia.com//8//sensor size,www.eglobalcentral.co.uk//135//sensor size,23.5 x 15.6 mm,aps-c (23.2 x 15.4 mm),1
sensor_size,sensor_size,www.eglobalcentral.co.uk//395//sensor size,www.wexphotographic.com//185//sensor size,35.9 x 24.0mm,1/1.23 inch,1
sensor_size,sensor_size,www.garricks.com.au//87//image format,www.shopmania.in//1140//sensor size,dx -23.5 × 15.6mm,35.9x24.0mm,1
zoom_optical,zoom_optical,www.ebay.com//54358//optical zoom,www.ukdigitalcameras.co.uk//250//optical zoom range,5.8x,4x or less,1
zoom_optical,zoom_optical,www.pricedekho.com//1230//optical zoom,www.ebay.com//43064//optical zoom,na,3x,1
zoom_optical,zoom_optical,www.cambuy.com.au//98//zoom,www.ebay.com//42669//optical zoom,optical 4.2x zoomplus 8.4x digital approx. 4x (with digital tele-converter approx. 1.6x or 2.0x [1]) combined approx. 17x,3x,1
zoom_optical,zoom_optical,www.mypriceindia.com//33//optical zoom,www.ebay.com//45766//optical zoom,1.5x - 10x,3x,1
zoom_optical,zoom_optical,www.mypriceindia.com//122//optical zoom,www.ebay.com//48185//optical zoom,4.3x,11x,1
zoom_optical,zoom_optical,www.mypriceindia.com//771//optical zoom,www.ebay.com//53085//optical zoom,18x,16x,1
zoom_optical,zoom_optical,www.price-hunt.com//9873//optical zoom,www.walmart.com//810//optical zoom,8x,16x,1
zoom_optical,zoom_optical,www.ebay.com//54465//optical zoom,www.ebay.com//25123//optical zoom,3x,4x,1
zoom_optical,zoom_optical,www.ebay.com//47191//optical zoom,www.gosale.com//489//optical zoom,5.8x,14 x,1
zoom_optical,zoom_optical,www.ebay.com//54358//optical zoom,www.ebay.com//54662//optical zoom,5.8x,3.1x,1
zoom_optical,zoom_optical,www.ebay.com//47503//optical zoom,www.walmart.com//810//optical zoom,7.5x,16x,1
zoom_optical,zoom_optical,www.cambuy.com.au//99//zoom,www.walmart.com//739//optical zoom,optical 5x digital approx. 4.0x (with digital tele-converter approx. 1.5x or 2.0x and safety zoom¹). combined approx. 20x,60x,1
zoom_optical,zoom_optical,www.ebay.com//55613//optical zoom,www.ukdigitalcameras.co.uk//223//optical zoom range,3x,18x and higher,1
zoom_optical,zoom_optical,www.mypriceindia.com//703//optical zoom,www.ebay.com//43484//optical zoom,20x,5.8x,1
zoom_optical,zoom_optical,www.ebay.com//53352//optical zoom,www.ebay.com//54120//optical zoom,5.8x,3x,1
zoom_optical,zoom_optical,www.shopbot.com.au//1523//zoom,www.buzzillions.com//1820//optical zoom,4 x,yes 3x,1
zoom_optical,zoom_optical,www.ebay.com//47729//optical zoom,www.buzzillions.com//2294//optical zoom,3x (with 18 - 55mm lens); 3.6x (with 55 - 200mm...,5x,1
zoom_optical,zoom_optical,www.price-hunt.com//9791//optical zoom,www.buzzillions.com//2027//optical zoom,3x,16x,1
zoom_optical,zoom_optical,www.ebay.com//52719//optical zoom,www.ebay.com//24299//optical zoom,30x,14x,1
zoom_optical,zoom_optical,www.ebay.com//44457//optical zoom,www.ukdigitalcameras.co.uk//218//optical zoom range,3x,18x and higher,1
zoom_optical,zoom_optical,buy.net//5842//optical zoom,www.buzzillions.com//2796//optical zoom,30 x,5x,1
zoom_optical,zoom_optical,www.henrys.com//72//optical zoom,www.henrys.com//221//optical zoom,3x,5x,1
zoom_optical,zoom_optical,www.ebay.com//55156//optical zoom,www.ebay.com//59280//optical zoom,10x,30x,1
zoom_optical,zoom_optical,www.ebay.com//45265//optical zoom,www.ebay.com//43380//optical zoom,5x,18x,1
zoom_optical,zoom_optical,www.ebay.com//24072//optical zoom,www.ukdigitalcameras.co.uk//302//optical zoom,16x,23,1
zoom_optical,zoom_optical,www.ebay.com//43067//optical zoom,www.henrys.com//40//optical zoom,5x,12x,1
zoom_optical,zoom_optical,www.shopbot.com.au//222//zoom,cammarkt.com//29//optical zoom,14 x,"7.5x
higher-end cameras may allow you to separate the camera body from the lens, allowing you to interchange lenses for different types of photography. 7.5x
the sensor in a digital camera is composed of pixels, which are tiny light-sensitive squares. the sensors in most cameras today are made up of millions of pixels, each one registering the brightness of the light striking it as the photo is taken. a megapixel is the term used for a million pixels â and the more megapixels an imaging sensor has, the higher the camera's potential resolution. on the other hand, the megapixels determine the size of the print, so higher megapixels means larger print sizes, for examples, 6 megapixels are good for 8 x 10 in. prints, 8 megapixels are good for 16 x 20 in. prints.",1
zoom_optical,zoom_optical,www.ebay.com//47384//optical zoom,www.buzzillions.com//2630//optical zoom,18x,3x,1
zoom_optical,zoom_optical,www.ebay.com//42383//optical zoom,www.ebay.com//56696//optical zoom,16x,16x,1
zoom_optical,zoom_optical,www.ebay.com//57137//optical zoom,www.ebay.com//54641//optical zoom,3x,5.8x,1
zoom_optical,zoom_optical,buy.net//6783//optical zoom,www.ebay.com//56062//optical zoom,3 x,3x,1
zoom_optical,zoom_optical,www.ebay.com//48726//optical zoom,www.ebay.com//52712//optical zoom,10x,41.7x,1
zoom_optical,zoom_optical,buy.net//5842//optical zoom,www.wexphotographic.com//198//optical zoom x,30 x,3.0,1
zoom_optical,zoom_optical,www.ebay.com//45433//optical zoom,www.ukdigitalcameras.co.uk//276//optical zoom,3x,23,1
zoom_optical,zoom_optical,www.eglobalcentral.co.uk//108//optical zoom,www.ebay.com//43731//optical zoom,no,3x,1
zoom_optical,zoom_optical,buy.net//4319//optical zoom,www.price-hunt.com//9873//optical zoom,7.8 x,8x,1
zoom_optical,zoom_optical,www.ebay.com//48364//optical zoom,www.ebay.com//43020//optical zoom,46x,6x,1
zoom_optical,zoom_optical,www.ebay.com//59092//optical zoom,www.ebay.com//55418//optical zoom,16x,3x,1
zoom_optical,zoom_optical,www.ebay.com//45267//optical zoom,www.ebay.com//53901//optical zoom,3x,3.1x,1
sensor_type,sensor_type,www.shopmania.in//916//sensor type,www.shopmania.in//1406//sensor type,ccd,cmos,1
sensor_type,sensor_type,buy.net//5946//image sensor,www.eglobalcentral.co.uk//681//sensor type,ccd,cmos,1
sensor_type,sensor_type,www.pricedekho.com//770//sensor type,www.eglobalcentral.co.uk//325//sensor type,live mos sensor,cmos,1
sensor_type,sensor_type,www.price-hunt.com//732//sensor type,www.pcconnection.com//12396//optical sensor type,cmos,exmor aps hd cmos,1
sensor_type,sensor_type,www.pricedekho.com//1033//sensor type,www.priceme.co.nz//2354//optical sensor,,cmos,1
sensor_type,sensor_type,www.mypriceindia.com//159//sensor type,www.shopmania.in//899//sensor type,cmos,cmos,1
sensor_type,sensor_type,www.henrys.com//32//sensor typesize,www.camerafarm.com.au//832//image sensor type,"2/3"" x-trans cmos ii",cmos,1
sensor_type,sensor_type,www.price-hunt.com//9817//sensor type,www.pricedekho.com//1157//sensor type,cmos,ccd sensor,1
sensor_type,sensor_type,cammarkt.com//324//image sensor type,www.eglobalcentral.co.uk//50//sensor type size,"ccd
resolution is measured in megapixels. the higher the megapixels, the sharper and more detailed the pictures your digital camera can take, and the bigger you can enlarge them without losing the sharpness of the image. 3.1 megapixels and higher is usually considered sufficient for print-quality photos. photos with a resolution of less than 3.1 megapixels are best viewed only on computers.",,1
sensor_type,sensor_type,www.priceme.co.nz//2354//optical sensor,www.wexphotographic.com//213//sensor type,cmos,cmos,1
sensor_type,sensor_type,www.pricedekho.com//967//sensor type,www.shopmania.in//949//sensor type,,cmos,1
sensor_type,sensor_type,buy.net//5946//image sensor,cammarkt.com//35//image sensor type,ccd,"cmos
resolution is measured in megapixels. the higher the megapixels, the sharper and more detailed the pictures your digital camera can take, and the bigger you can enlarge them without losing the sharpness of the image. 3.1 megapixels and higher is usually considered sufficient for print-quality photos. photos with a resolution of less than 3.1 megapixels are best viewed only on computers.",1
sensor_type,sensor_type,www.camerafarm.com.au//715//image sensor type,www.ebay.com//58690//sensor type size,livemos,,1
sensor_type,sensor_type,www.priceme.co.nz//2025//optical sensor,www.pricedekho.com//1051//sensor,cmos,"sensor type
cmos sensor",1
shutter_speed_max,shutter_speed_max,www.price-hunt.com//9873//maximum shutter speed,www.shopmania.in//1099//max shutter speed,1/2000 sec,1/8000,1
shutter_speed_max,shutter_speed_max,www.shopmania.in//1341//max shutter speed,www.wexphotographic.com//559//shutter speed max,1/4000,1/2000 sec,1
shutter_speed_min,shutter_speed_min,www.pricedekho.com//1022//shutter speed,www.pricedekho.com//770//minimum shutter speed,"maximum shutter speed
1/8000 sec
minimum shutter speed
30 sec",60 sec,1
shutter_speed_min,shutter_speed_min,www.price-hunt.com//9794//minimum shutter speed,www.mypriceindia.com//185//minimum shutter speed,30 sec,60 sec,1
shutter_speed_min,shutter_speed_min,www.priceme.co.nz//1829//shutter speed,www.priceme.co.nz//67//shutter speed,30-1/4000s,30-1/4000s,1
shutter_speed_min,shutter_speed_min,buy.net//5381//longest shutter speed,www.pricedekho.com//1220//minimum shutter speed,30 second,30 sec,1
shutter_speed_min,shutter_speed_min,www.eglobalcentral.co.uk//662//shutter speed,www.eglobalcentral.co.uk//733//shutter speed,30 sec - 1/4000 sec,30 sec - 1/8000 sec,1
shutter_speed_min,shutter_speed_min,www.eglobalcentral.co.uk//535//shutter speed,www.price-hunt.com//9828//minimum shutter speed,"30-1/8000 sec, bulb",30 sec,1
shutter_speed_min,shutter_speed_min,www.priceme.co.nz//2051//shutter speed,www.mypriceindia.com//736//minimum shutter speed,32-1/4000s,30 sec,1
supported_languages_number,supported_languages_number,www.flipkart.com//2182//supported languages,www.price-hunt.com//9630//supported languages,25,34,1
supported_aspect_ratio,supported_aspect_ratio,www.eglobalcentral.co.uk//570//aspect ratio,www.ilgs.net//23//supported aspect ratios,3:2 (horizontal; vertical),"3:2, 4:3, 16:9",1
supported_audio_formats,supported_audio_formats,www.camerafarm.com.au//832//movie audio recording format,www.mypriceindia.com//187//audio formats,aac,"wav, aac stereo",1
warranty_duration,warranty_duration,buy.net//6511//warranty information,www.ebay.com//58431//warranty,1 year,1 year seller warranty,1
warranty_duration,warranty_duration,www.pcconnection.com//12393//warranty parts,www.pcconnection.com//12356//warranty parts,,,1
white_balance,white_balance,www.price-hunt.com//9873//white balancing,www.shopmania.in//1138//white balance presets,"incandescent light, automatic scene recognition, shade, fluorescent light (warm white), preset: fine, fluorescent light (cool white), fluorescent light (daylight)",sunlight,1
white_balance,white_balance,www.pricedekho.com//1277//white balancing,www.shopmania.in//1598//white balance presets,auto,"artificial
/ cloudy / flash / fluorescent / shade / sunlight / sunny
/ tungsten",1
white_balance,white_balance,www.shopmania.in//1284//white balance,www.henrys.com//24//white balance modes,automatic / custom / presets,"auto, cloudy, daylight, flash, fluorescent, incandescent, preset manual",1
zoom_digital,zoom_digital,www.shopmania.in//1687//digital zoom,www.walmart.com//707//digital zoom,4x,4x,1
brand,brand,www.ebay.com//56313//brand,www.ebay.com//58561//brand,canon,canon,1
brand,brand,www.ebay.com//53376//brand,www.ebay.com//59612//brand,nikon,nikon,1
brand,brand,www.pricedekho.com//760//brand,www.ebay.com//43953//brand,,nikon,1
brand,brand,www.ebay.com//45908//brand,www.ebay.com//55132//brand,sony,nikon,1
brand,brand,www.ebay.com//54498//brand,www.shopmania.in//1069//brand,sony,nikon,1
brand,brand,www.ebay.com//24330//brand,www.shopmania.in//974//brand,sony,sony,1
brand,brand,www.ebay.com//60585//brand,www.ebay.com//43032//brand,nikon,fujifilm,1
brand,brand,www.ebay.com//43380//brand,www.shopmania.in//1122//product name,fujifilm,nikon coolpix aw110,1
brand,brand,www.ebay.com//54255//brand,www.shopmania.in//859//brand,nikon,fujifilm,1
brand,brand,www.ebay.com//58809//brand,www.ebay.com//46548//brand,fujifilm,nikon,1
brand,brand,www.ebay.com//24971//brand,www.ebay.com//56629//brand,canon,nikon,1
brand,brand,www.ebay.com//52998//brand,www.ebay.com//54288//brand,nikon,nikon,1
brand,brand,www.ebay.com//60136//brand,www.ebay.com//24237//brand,nikon,canon,1
brand,brand,www.ebay.com//57873//brand,www.ebay.com//43380//brand,sony,fujifilm,1
brand,brand,www.ebay.com//24971//brand,www.ebay.com//52946//brand,canon,nikon,1
brand,brand,www.ebay.com//46684//brand,www.ebay.com//43639//brand,sony,canon,1
brand,brand,www.ebay.com//60783//brand,www.ebay.com//23888//brand,sony,nikon,1
brand,brand,www.price-hunt.com//9646//brand,www.ebay.com//54622//brand,nikon,nikon,1
brand,brand,www.ebay.com//45948//brand,www.ebay.com//60863//brand,nikon,canon,1
brand,brand,www.ebay.com//56913//brand,www.ebay.com//58704//brand,fujifilm,canon,1
brand,brand,www.ebay.com//24155//brand,www.ilgs.net//23//manufacturer,nikon,fujifilm,1
brand,brand,www.price-hunt.com//9548//brand,www.ebay.com//47141//brand,canon,nikon,1
brand,brand,www.ebay.com//25010//brand,www.shopmania.in//1117//brand,nikon,fujifilm,1
brand,brand,www.ebay.com//59033//brand,www.ebay.com//43895//brand,nikon,canon,1
brand,brand,www.ebay.com//24531//brand,www.ebay.com//53809//brand,nikon,canon,1
brand,brand,buy.net//5413//brand name,www.shopmania.in//1009//brand,sony,nikon,1
brand,brand,www.ebay.com//56635//brand,www.ebay.com//53620//brand,fujifilm,nikon,1
brand,brand,www.shopmania.in//1547//product name,www.shopmania.in//1549//product name,panasonic dmc-lx7,canon eos 60d kit 18-200mm,1
brand,brand,www.ebay.com//58577//brand,www.ebay.com//45577//brand,nikon,nikon,1
brand,brand,www.ebay.com//58818//brand,www.ebay.com//46522//brand,nikon,nikon,1
brand,brand,www.ebay.com//56259//brand,www.ebay.com//47523//brand,nikon,nikon,1
brand,brand,www.ebay.com//46436//brand,www.ebay.com//43052//brand,nikon,nikon,1
brand,brand,www.ebay.com//60508//brand,www.ebay.com//43571//brand,canon,nikon,1
brand,brand,www.ebay.com//53323//brand,www.ebay.com//42644//brand,sony,canon,1
brand,brand,www.ebay.com//56572//brand,www.ebay.com//46594//brand,nikon,canon,1
brand,brand,www.ebay.com//46580//brand,www.ebay.com//53405//brand,canon,nikon,1
brand,brand,www.ebay.com//58666//brand,www.flipkart.com//2176//brand,nikon,canon,1
brand,brand,www.camerafarm.com.au//737//brand,www.ebay.com//54086//brand,nikon web site,nikon,1
brand,brand,cammarkt.com//73//brand,www.ebay.com//56901//brand,nikon,nikon,1
brand,brand,www.ebay.com//24416//brand,www.ebay.com//45676//brand,nikon,nikon,1
brand,brand,www.ebay.com//53085//brand,www.ebay.com//59529//brand,canon,nikon,1
brand,brand,www.ebay.com//43306//brand,www.ebay.com//52948//brand,nikon,sony,1
brand,brand,www.ebay.com//43326//brand,www.shopmania.in//916//brand,sony,panasonic,1
brand,brand,www.ebay.com//43428//brand,www.shopmania.in//1066//product name,sony,nikon d5100 kit 18-55mm,1
brand,brand,www.ebay.com//58319//brand,www.shopmania.in//1069//brand,canon,nikon,1
brand,brand,www.camerafarm.com.au//769//brand,www.pricedekho.com//752//brand,nikon web site,,1
brand,brand,www.ebay.com//24531//brand,www.ebay.com//48713//brand,nikon,"nikon
type:
digital slr nikon",1
brand,brand,www.ebay.com//42598//brand,www.gosale.com//1001//manufacturer,sony,fuji photo film,1
brand,brand,www.pricedekho.com//988//brand,www.ebay.com//46467//brand,,nikon,1
brand,brand,www.ebay.com//60789//brand,www.ebay.com//55352//brand,fujifilm,fujifilm,1
brand,brand,www.ebay.com//44777//brand,www.ebay.com//43846//brand,sony,sony,1
brand,brand,www.ebay.com//60580//brand,www.ebay.com//60477//brand,nikon,nikon,1
brand,brand,www.ebay.com//43789//brand,www.ebay.com//47988//brand,nikon,canon,1
brand,brand,www.ebay.com//24126//brand,www.ebay.com//48956//brand,nikon,nikon,1
brand,brand,www.ebay.com//56566//brand,www.ebay.com//56394//brand,nikon,canon,1
brand,brand,www.ebay.com//43863//brand,www.ebay.com//47469//brand,fujifilm,nikon,1
brand,brand,www.pricedekho.com//762//brand,www.ebay.com//57185//brand,fujifilm,canon,1
brand,brand,www.ebay.com//45749//brand,www.ebay.com//24164//brand,nikon,panasonic,1
brand,brand,www.ebay.com//44873//brand,www.ebay.com//42664//brand,nikon,canon,1
brand,brand,www.ebay.com//43692//brand,www.gosale.com//1416//manufacturer,canon,canon,1
brand,brand,www.ebay.com//52712//brand,www.ebay.com//59765//brand,nikon,canon,1
brand,brand,www.ebay.com//44030//brand,www.shopmania.in//859//brand,nikon,fujifilm,1
brand,brand,www.ebay.com//24679//brand,www.gosale.com//849//manufacturer,nikon,nikon,1
brand,brand,www.ebay.com//44784//brand,www.ebay.com//59265//brand,nikon,nikon,1
brand,brand,www.ebay.com//53609//brand,www.ebay.com//47056//brand,nikon,nikon,1
brand,brand,www.ebay.com//53667//brand,www.ebay.com//60328//brand,nikon,sony,1
brand,brand,www.ebay.com//58036//brand,www.ebay.com//47590//brand,nikon,nikon,1
brand,brand,www.ebay.com//46089//brand,www.ebay.com//44553//brand,fujifilm,nikon,1
brand,brand,www.price-hunt.com//9570//brand,www.ebay.com//42039//brand,nikon,nikon,1
brand,brand,www.ebay.com//47322//brand,www.ebay.com//47099//brand,canon,nikon,1
brand,brand,www.ebay.com//45013//brand,www.ebay.com//45550//brand,nikon,nikon,1
brand,brand,www.ebay.com//45022//brand,www.shopmania.in//634//brand,nikon,fujifilm,1
brand,brand,www.ebay.com//59573//brand,www.ebay.com//24203//brand,canon,nikon,1
brand,brand,www.pricedekho.com//1054//brand,www.ebay.com//46778//brand,,nikon,1
brand,brand,www.ebay.com//60169//brand,www.gosale.com//630//manufacturer,nikon,sony,1
brand,brand,www.ebay.com//42607//brand,www.shopmania.in//1188//brand,nikon,nikon,1
brand,brand,www.ebay.com//44556//brand,www.shopmania.in//714//product name,sony,sony dsc-qx10,1
brand,brand,www.ebay.com//47853//brand,www.ebay.com//48292//brand,nikon,canon,1
brand,brand,www.ebay.com//57506//brand,www.gosale.com//1427//manufacturer,canon,sony,1
brand,brand,www.ebay.com//24971//brand,www.gosale.com//439//manufacturer,canon,canon,1
brand,brand,www.ebay.com//54721//brand,www.ebay.com//48124//brand,nikon,canon,1
brand,brand,www.ebay.com//47139//brand,www.ebay.com//59544//brand,nikon,nikon,1
brand,brand,www.ebay.com//59062//brand,www.ebay.com//60580//brand,nikon,nikon,1
brand,brand,www.ebay.com//59569//brand,www.ebay.com//59265//brand,sony,nikon,1
brand,brand,www.ebay.com//43902//brand,www.ebay.com//47509//brand,sony,nikon,1
brand,brand,www.ebay.com//55030//brand,www.shopmania.in//1066//product name,nikon,nikon d5100 kit 18-55mm,1
brand,brand,buy.net//5381//brand name,www.shopmania.in//984//brand,nikon,nikon,1
brand,brand,www.ebay.com//43628//brand,www.ebay.com//57284//brand,sony,olympus,1
brand,brand,www.camerafarm.com.au//834//brand,www.ebay.com//47379//brand,nikon web site,canon,1
brand,brand,www.ebay.com//54173//brand,www.ebay.com//43684//brand,nikon,nikon,1
brand,brand,www.ebay.com//43538//brand,www.ebay.com//48984//brand,nikon,nikon,1
brand,brand,www.ebay.com//44274//brand,www.shopmania.in//1311//brand,canon,canon,1
brand,brand,www.price-hunt.com//940//brand,www.price-hunt.com//9873//brand,nikon,fujifilm,1
brand,brand,www.ebay.com//59457//brand,www.gosale.com//858//manufacturer,nikon,fuji photo film,1
brand,brand,www.ebay.com//56343//brand,www.gosale.com//838//manufacturer,nikon,butterflyphoto,1
brand,brand,www.ebay.com//53156//brand,www.ebay.com//46468//brand,nikon,nikon,1
brand,brand,buy.net//5946//brand name,www.ebay.com//43484//brand,nikon,nikon,1
brand,brand,www.price-hunt.com//9545//brand,www.shopmania.in//1686//brand,canon,nikon,1
brand,brand,www.ebay.com//55644//brand,www.shopmania.in//1693//product name,canon,nikon d610 + 24-85mm,1
brand,brand,www.ebay.com//57198//brand,www.ebay.com//59627//brand,nikon,olympus,1
brand,brand,cammarkt.com//204//brand,www.ebay.com//44274//brand,sony sony,canon,1
brand,brand,www.ebay.com//59499//brand,www.shopmania.in//1189//product name,nikon,canon powershot sx120 is canon powershot sx120 is,1
brand,brand,www.ebay.com//46096//brand,www.ebay.com//54041//brand,nikon,nikon,1
brand,brand,www.ebay.com//60079//brand,www.ebay.com//56499//brand,fujifilm,nikon,1
brand,brand,www.ebay.com//46722//brand,www.ukdigitalcameras.co.uk//246//brand,sony,fuji,1
brand,brand,www.ebay.com//47672//brand,www.gosale.com//1461//manufacturer,nikon,butterflyphoto,1
brand,brand,www.price-hunt.com//9788//brand,www.price-hunt.com//903//brand,sony,sony,1
brand,brand,www.ebay.com//46500//brand,www.shopmania.in//974//brand,nikon,sony,1
brand,brand,www.ebay.com//58187//brand,www.ebay.com//55929//brand,nikon,canon,1
brand,brand,www.ebay.com//54797//brand,www.ebay.com//44457//brand,nikon,nikon,1
brand,brand,www.ebay.com//58900//brand,www.shopmania.in//1646//product name,canon,nikon d800 body,1
brand,brand,www.ebay.com//42985//brand,www.ebay.com//42654//brand,nikon,nikon,1
brand,brand,cammarkt.com//29//manufacturer,www.shopmania.in//1376//brand,canon,nikon,1
brand,brand,www.ebay.com//55507//brand,www.ebay.com//58818//brand,nikon,nikon,1
camera_depth,camera_depth,buy.net//6753//depth,www.shopmania.in//1686//depth,1.08 in,77 mm,1
